<?xml version="1.0" encoding="UTF-8"?>
<!-- IMPORTANT: This is an internal file that has been generated
     by the Xilinx ISE software.  Any direct editing or
     changes made to this file may result in unpredictable
     behavior or data corruption.  It is strongly advised that
     users do not edit the contents of this file. -->
<DeviceUsageSummary rev="2">
<DesignStatistics TimeStamp="Fri May 01 16:21:37 2009"><group name="NetStatistics">
<item name="NumNets_Active" rev="2">
<attrib name="value" value="1489"/></item>
<item name="NumNets_Gnd" rev="2">
<attrib name="value" value="1"/></item>
<item name="NumNets_Vcc" rev="2">
<attrib name="value" value="1"/></item>
<item name="NumNodesOfType_Active_BRAMADDR" rev="2">
<attrib name="value" value="400"/></item>
<item name="NumNodesOfType_Active_BRAMDUMMY" rev="2">
<attrib name="value" value="16"/></item>
<item name="NumNodesOfType_Active_CLKPIN" rev="2">
<attrib name="value" value="384"/></item>
<item name="NumNodesOfType_Active_CNTRLPIN" rev="2">
<attrib name="value" value="787"/></item>
<item name="NumNodesOfType_Active_DOUBLE" rev="2">
<attrib name="value" value="4337"/></item>
<item name="NumNodesOfType_Active_DUMMY" rev="2">
<attrib name="value" value="2173"/></item>
<item name="NumNodesOfType_Active_DUMMYBANK" rev="2">
<attrib name="value" value="2"/></item>
<item name="NumNodesOfType_Active_DUMMYESC" rev="2">
<attrib name="value" value="27"/></item>
<item name="NumNodesOfType_Active_GLOBAL" rev="2">
<attrib name="value" value="177"/></item>
<item name="NumNodesOfType_Active_HFULLHEX" rev="2">
<attrib name="value" value="56"/></item>
<item name="NumNodesOfType_Active_HLONG" rev="2">
<attrib name="value" value="23"/></item>
<item name="NumNodesOfType_Active_HUNIHEX" rev="2">
<attrib name="value" value="466"/></item>
<item name="NumNodesOfType_Active_INPUT" rev="2">
<attrib name="value" value="2767"/></item>
<item name="NumNodesOfType_Active_IOBOUTPUT" rev="2">
<attrib name="value" value="27"/></item>
<item name="NumNodesOfType_Active_OMUX" rev="2">
<attrib name="value" value="1210"/></item>
<item name="NumNodesOfType_Active_OUTPUT" rev="2">
<attrib name="value" value="1365"/></item>
<item name="NumNodesOfType_Active_PREBXBY" rev="2">
<attrib name="value" value="338"/></item>
<item name="NumNodesOfType_Active_VFULLHEX" rev="2">
<attrib name="value" value="167"/></item>
<item name="NumNodesOfType_Active_VLONG" rev="2">
<attrib name="value" value="19"/></item>
<item name="NumNodesOfType_Active_VUNIHEX" rev="2">
<attrib name="value" value="266"/></item>
<item name="NumNodesOfType_Vcc_CLKPIN" rev="2">
<attrib name="value" value="1"/></item>
<item name="NumNodesOfType_Vcc_CNTRLPIN" rev="2">
<attrib name="value" value="22"/></item>
<item name="NumNodesOfType_Vcc_DUMMYBANK" rev="2">
<attrib name="value" value="4"/></item>
<item name="NumNodesOfType_Vcc_INPUT" rev="2">
<attrib name="value" value="15"/></item>
<item name="NumNodesOfType_Vcc_PREBXBY" rev="2">
<attrib name="value" value="15"/></item>
<item name="NumNodesOfType_Vcc_VCCOUT" rev="2">
<attrib name="value" value="32"/></item>
</group>
<group name="MiscellaneousStatistics">
<item name="AGG_BONDED_IO" rev="1">
<attrib name="value" value="73"/></item>
<item name="AGG_IO" rev="1">
<attrib name="value" value="73"/></item>
<item name="AGG_SLICE" rev="1">
<attrib name="value" value="616"/></item>
<item name="NUM_4_INPUT_LUT" rev="1">
<attrib name="value" value="867"/></item>
<item name="NUM_BONDED_IOB" rev="1">
<attrib name="value" value="73"/></item>
<item name="NUM_BUFGMUX" rev="1">
<attrib name="value" value="2"/></item>
<item name="NUM_CYMUX" rev="1">
<attrib name="value" value="439"/></item>
<item name="NUM_DCM" rev="1">
<attrib name="value" value="1"/></item>
<item name="NUM_LUT_RT" rev="1">
<attrib name="value" value="139"/></item>
<item name="NUM_RAMB16" rev="1">
<attrib name="value" value="16"/></item>
<item name="NUM_SLICEL" rev="1">
<attrib name="value" value="616"/></item>
<item name="NUM_SLICE_FF" rev="1">
<attrib name="value" value="609"/></item>
<item name="NUM_XOR" rev="1">
<attrib name="value" value="281"/></item>
<item name="Xilinx Core fifo_generator_v4_4, Xilinx CORE Generator 10.1.03_ip3" rev="1">
<attrib name="value" value="1"/></item>
</group>
</DesignStatistics>
<DeviceUsage TimeStamp="Fri May 01 16:21:37 2009"><group name="SiteSummary">
<item name="BUFGMUX" rev="2">
<attrib name="total" value="1000000"/><attrib name="used" value="2"/></item>
<item name="BUFGMUX_GCLKMUX" rev="2">
<attrib name="total" value="1000000"/><attrib name="used" value="2"/></item>
<item name="BUFGMUX_GCLK_BUFFER" rev="2">
<attrib name="total" value="1000000"/><attrib name="used" value="2"/></item>
<item name="DCM" rev="2">
<attrib name="total" value="1000000"/><attrib name="used" value="1"/></item>
<item name="DCM_DCM" rev="2">
<attrib name="total" value="1000000"/><attrib name="used" value="1"/></item>
<item name="IOB" rev="2">
<attrib name="total" value="1000000"/><attrib name="used" value="73"/></item>
<item name="IOB_INBUF" rev="2">
<attrib name="total" value="1000000"/><attrib name="used" value="56"/></item>
<item name="IOB_OUTBUF" rev="2">
<attrib name="total" value="1000000"/><attrib name="used" value="33"/></item>
<item name="IOB_PAD" rev="2">
<attrib name="total" value="1000000"/><attrib name="used" value="73"/></item>
<item name="RAMB16" rev="2">
<attrib name="total" value="1000000"/><attrib name="used" value="16"/></item>
<item name="RAMB16_RAMB16" rev="2">
<attrib name="total" value="1000000"/><attrib name="used" value="16"/></item>
<item name="RAMB16_RAMB16A" rev="2">
<attrib name="total" value="1000000"/><attrib name="used" value="16"/></item>
<item name="RAMB16_RAMB16B" rev="2">
<attrib name="total" value="1000000"/><attrib name="used" value="16"/></item>
<item name="SLICEL" rev="2">
<attrib name="total" value="1000000"/><attrib name="used" value="616"/></item>
<item name="SLICEL_C1VDD" rev="2">
<attrib name="total" value="1000000"/><attrib name="used" value="46"/></item>
<item name="SLICEL_C2VDD" rev="2">
<attrib name="total" value="1000000"/><attrib name="used" value="45"/></item>
<item name="SLICEL_CYMUXF" rev="2">
<attrib name="total" value="1000000"/><attrib name="used" value="223"/></item>
<item name="SLICEL_CYMUXG" rev="2">
<attrib name="total" value="1000000"/><attrib name="used" value="216"/></item>
<item name="SLICEL_F" rev="2">
<attrib name="total" value="1000000"/><attrib name="used" value="435"/></item>
<item name="SLICEL_F5MUX" rev="2">
<attrib name="total" value="1000000"/><attrib name="used" value="17"/></item>
<item name="SLICEL_FFX" rev="2">
<attrib name="total" value="1000000"/><attrib name="used" value="300"/></item>
<item name="SLICEL_FFY" rev="2">
<attrib name="total" value="1000000"/><attrib name="used" value="309"/></item>
<item name="SLICEL_G" rev="2">
<attrib name="total" value="1000000"/><attrib name="used" value="432"/></item>
<item name="SLICEL_GNDF" rev="2">
<attrib name="total" value="1000000"/><attrib name="used" value="86"/></item>
<item name="SLICEL_GNDG" rev="2">
<attrib name="total" value="1000000"/><attrib name="used" value="83"/></item>
<item name="SLICEL_VDDF" rev="2">
<attrib name="total" value="1000000"/><attrib name="used" value="1"/></item>
<item name="SLICEL_XORF" rev="2">
<attrib name="total" value="1000000"/><attrib name="used" value="143"/></item>
<item name="SLICEL_XORG" rev="2">
<attrib name="total" value="1000000"/><attrib name="used" value="138"/></item>
</group>
</DeviceUsage>
<ReportConfigData TimeStamp="Fri May 01 16:21:37 2009"><group name="BUFGMUX_GCLKMUX">
<item name="DISABLE_ATTR" rev="2">
<attrib name="LOW" value="2"/></item>
</group>
<group name="SLICEL_FFX">
<item name="FFX_INIT_ATTR" rev="2">
<attrib name="INIT0" value="297"/><attrib name="INIT1" value="3"/></item>
<item name="FFX_SR_ATTR" rev="2">
<attrib name="SRLOW" value="295"/><attrib name="SRHIGH" value="5"/></item>
<item name="LATCH_OR_FF" rev="2">
<attrib name="FF" value="300"/></item>
<item name="SYNC_ATTR" rev="2">
<attrib name="ASYNC" value="265"/><attrib name="SYNC" value="35"/></item>
</group>
<group name="SLICEL_FFY">
<item name="FFY_INIT_ATTR" rev="2">
<attrib name="INIT0" value="305"/><attrib name="INIT1" value="4"/></item>
<item name="FFY_SR_ATTR" rev="2">
<attrib name="SRLOW" value="300"/><attrib name="SRHIGH" value="9"/></item>
<item name="LATCH_OR_FF" rev="2">
<attrib name="FF" value="309"/></item>
<item name="SYNC_ATTR" rev="2">
<attrib name="ASYNC" value="257"/><attrib name="SYNC" value="52"/></item>
</group>
<group name="RAMB16_RAMB16A">
<item name="PORTA_ATTR" rev="2">
<attrib name="16384X1" value="16"/></item>
<item name="WRITEMODEA" rev="2">
<attrib name="WRITE_FIRST" value="16"/></item>
</group>
<group name="RAMB16_RAMB16B">
<item name="PORTB_ATTR" rev="2">
<attrib name="2048X9" value="16"/></item>
<item name="WRITEMODEB" rev="2">
<attrib name="WRITE_FIRST" value="16"/></item>
</group>
<group name="IOB_PAD">
<item name="DRIVEATTRBOX" rev="2">
<attrib name="12" value="33"/></item>
<item name="IOATTRBOX" rev="2">
<attrib name="LVCMOS25" value="73"/></item>
<item name="SLEW" rev="2">
<attrib name="SLOW" value="33"/></item>
</group>
<group name="DCM_DCM">
<item name="CLKDV_DIVIDE" rev="2">
<attrib name="2" value="1"/></item>
<item name="CLKOUT_PHASE_SHIFT" rev="2">
<attrib name="NONE" value="1"/></item>
<item name="CLK_FEEDBACK" rev="2">
<attrib name="1X" value="1"/></item>
<item name="DFS_FREQUENCY_MODE" rev="2">
<attrib name="LOW" value="1"/></item>
<item name="DLL_FREQUENCY_MODE" rev="2">
<attrib name="LOW" value="1"/></item>
<item name="DUTY_CYCLE_CORRECTION" rev="2">
<attrib name="TRUE" value="1"/></item>
<item name="FACTORY_JF1" rev="2">
<attrib name="0X80" value="1"/></item>
<item name="FACTORY_JF2" rev="2">
<attrib name="0X80" value="1"/></item>
</group>
</ReportConfigData>
<ReportPinData TimeStamp="Fri May 01 16:21:37 2009"><group name="SLICEL">
<item name="BX" rev="2">
<attrib name="value" value="184"/></item>
<item name="BY" rev="2">
<attrib name="value" value="181"/></item>
<item name="CE" rev="2">
<attrib name="value" value="172"/></item>
<item name="CIN" rev="2">
<attrib name="value" value="211"/></item>
<item name="CLK" rev="2">
<attrib name="value" value="350"/></item>
<item name="COUT" rev="2">
<attrib name="value" value="216"/></item>
<item name="F1" rev="2">
<attrib name="value" value="432"/></item>
<item name="F2" rev="2">
<attrib name="value" value="313"/></item>
<item name="F3" rev="2">
<attrib name="value" value="186"/></item>
<item name="F4" rev="2">
<attrib name="value" value="162"/></item>
<item name="G1" rev="2">
<attrib name="value" value="428"/></item>
<item name="G2" rev="2">
<attrib name="value" value="314"/></item>
<item name="G3" rev="2">
<attrib name="value" value="178"/></item>
<item name="G4" rev="2">
<attrib name="value" value="155"/></item>
<item name="SR" rev="2">
<attrib name="value" value="152"/></item>
<item name="X" rev="2">
<attrib name="value" value="204"/></item>
<item name="XB" rev="2">
<attrib name="value" value="4"/></item>
<item name="XQ" rev="2">
<attrib name="value" value="300"/></item>
<item name="Y" rev="2">
<attrib name="value" value="196"/></item>
<item name="YQ" rev="2">
<attrib name="value" value="309"/></item>
</group>
<group name="RAMB16">
<item name="ADDRA0" rev="2">
<attrib name="value" value="16"/></item>
<item name="ADDRA1" rev="2">
<attrib name="value" value="16"/></item>
<item name="ADDRA10" rev="2">
<attrib name="value" value="16"/></item>
<item name="ADDRA11" rev="2">
<attrib name="value" value="16"/></item>
<item name="ADDRA12" rev="2">
<attrib name="value" value="16"/></item>
<item name="ADDRA13" rev="2">
<attrib name="value" value="16"/></item>
<item name="ADDRA2" rev="2">
<attrib name="value" value="16"/></item>
<item name="ADDRA3" rev="2">
<attrib name="value" value="16"/></item>
<item name="ADDRA4" rev="2">
<attrib name="value" value="16"/></item>
<item name="ADDRA5" rev="2">
<attrib name="value" value="16"/></item>
<item name="ADDRA6" rev="2">
<attrib name="value" value="16"/></item>
<item name="ADDRA7" rev="2">
<attrib name="value" value="16"/></item>
<item name="ADDRA8" rev="2">
<attrib name="value" value="16"/></item>
<item name="ADDRA9" rev="2">
<attrib name="value" value="16"/></item>
<item name="ADDRB10" rev="2">
<attrib name="value" value="16"/></item>
<item name="ADDRB11" rev="2">
<attrib name="value" value="16"/></item>
<item name="ADDRB12" rev="2">
<attrib name="value" value="16"/></item>
<item name="ADDRB13" rev="2">
<attrib name="value" value="16"/></item>
<item name="ADDRB3" rev="2">
<attrib name="value" value="16"/></item>
<item name="ADDRB4" rev="2">
<attrib name="value" value="16"/></item>
<item name="ADDRB5" rev="2">
<attrib name="value" value="16"/></item>
<item name="ADDRB6" rev="2">
<attrib name="value" value="16"/></item>
<item name="ADDRB7" rev="2">
<attrib name="value" value="16"/></item>
<item name="ADDRB8" rev="2">
<attrib name="value" value="16"/></item>
<item name="ADDRB9" rev="2">
<attrib name="value" value="16"/></item>
<item name="CLKA" rev="2">
<attrib name="value" value="16"/></item>
<item name="CLKB" rev="2">
<attrib name="value" value="16"/></item>
<item name="DIA0" rev="2">
<attrib name="value" value="16"/></item>
<item name="DOB0" rev="2">
<attrib name="value" value="16"/></item>
<item name="DOB1" rev="2">
<attrib name="value" value="16"/></item>
<item name="DOB2" rev="2">
<attrib name="value" value="16"/></item>
<item name="DOB3" rev="2">
<attrib name="value" value="16"/></item>
<item name="DOB4" rev="2">
<attrib name="value" value="16"/></item>
<item name="DOB5" rev="2">
<attrib name="value" value="16"/></item>
<item name="DOB6" rev="2">
<attrib name="value" value="16"/></item>
<item name="DOB7" rev="2">
<attrib name="value" value="16"/></item>
<item name="ENA" rev="2">
<attrib name="value" value="16"/></item>
<item name="ENB" rev="2">
<attrib name="value" value="16"/></item>
<item name="SSRA" rev="2">
<attrib name="value" value="16"/></item>
<item name="SSRB" rev="2">
<attrib name="value" value="16"/></item>
<item name="WEA" rev="2">
<attrib name="value" value="16"/></item>
<item name="WEB" rev="2">
<attrib name="value" value="16"/></item>
</group>
<group name="RAMB16_RAMB16">
<item name="ADDRA" rev="2">
<attrib name="value" value="16"/></item>
<item name="ADDRB" rev="2">
<attrib name="value" value="16"/></item>
<item name="DIA" rev="2">
<attrib name="value" value="16"/></item>
<item name="DIB" rev="2">
<attrib name="value" value="16"/></item>
<item name="DOA" rev="2">
<attrib name="value" value="16"/></item>
<item name="DOB" rev="2">
<attrib name="value" value="16"/></item>
</group>
<group name="IOB_OUTBUF">
<item name="IN" rev="2">
<attrib name="value" value="33"/></item>
<item name="OUT" rev="2">
<attrib name="value" value="33"/></item>
<item name="TRI" rev="2">
<attrib name="value" value="16"/></item>
</group>
<group name="SLICEL_CYMUXF">
<item name="0" rev="2">
<attrib name="value" value="222"/></item>
<item name="1" rev="2">
<attrib name="value" value="223"/></item>
<item name="OUT" rev="2">
<attrib name="value" value="223"/></item>
<item name="S0" rev="2">
<attrib name="value" value="223"/></item>
</group>
<group name="SLICEL_CYMUXG">
<item name="0" rev="2">
<attrib name="value" value="216"/></item>
<item name="1" rev="2">
<attrib name="value" value="216"/></item>
<item name="OUT" rev="2">
<attrib name="value" value="216"/></item>
<item name="S0" rev="2">
<attrib name="value" value="216"/></item>
</group>
<group name="BUFGMUX_GCLKMUX">
<item name="I0" rev="2">
<attrib name="value" value="2"/></item>
<item name="OUT" rev="2">
<attrib name="value" value="2"/></item>
<item name="S" rev="2">
<attrib name="value" value="2"/></item>
</group>
<group name="SLICEL_C1VDD">
<item name="1" rev="2">
<attrib name="value" value="46"/></item>
</group>
<group name="SLICEL_VDDF">
<item name="1" rev="2">
<attrib name="value" value="1"/></item>
</group>
<group name="IOB_INBUF">
<item name="IN" rev="2">
<attrib name="value" value="56"/></item>
<item name="OUT" rev="2">
<attrib name="value" value="56"/></item>
</group>
<group name="SLICEL_FFX">
<item name="CE" rev="2">
<attrib name="value" value="164"/></item>
<item name="CK" rev="2">
<attrib name="value" value="300"/></item>
<item name="D" rev="2">
<attrib name="value" value="300"/></item>
<item name="Q" rev="2">
<attrib name="value" value="300"/></item>
<item name="REV" rev="2">
<attrib name="value" value="1"/></item>
<item name="SR" rev="2">
<attrib name="value" value="113"/></item>
</group>
<group name="SLICEL_XORF">
<item name="0" rev="2">
<attrib name="value" value="143"/></item>
<item name="1" rev="2">
<attrib name="value" value="143"/></item>
<item name="O" rev="2">
<attrib name="value" value="143"/></item>
</group>
<group name="SLICEL_FFY">
<item name="CE" rev="2">
<attrib name="value" value="151"/></item>
<item name="CK" rev="2">
<attrib name="value" value="309"/></item>
<item name="D" rev="2">
<attrib name="value" value="309"/></item>
<item name="Q" rev="2">
<attrib name="value" value="309"/></item>
<item name="REV" rev="2">
<attrib name="value" value="13"/></item>
<item name="SR" rev="2">
<attrib name="value" value="142"/></item>
</group>
<group name="SLICEL_XORG">
<item name="0" rev="2">
<attrib name="value" value="138"/></item>
<item name="1" rev="2">
<attrib name="value" value="138"/></item>
<item name="O" rev="2">
<attrib name="value" value="138"/></item>
</group>
<group name="RAMB16_RAMB16A">
<item name="ADDRA" rev="2">
<attrib name="value" value="16"/></item>
<item name="ADDRA0" rev="2">
<attrib name="value" value="16"/></item>
<item name="ADDRA1" rev="2">
<attrib name="value" value="16"/></item>
<item name="ADDRA10" rev="2">
<attrib name="value" value="16"/></item>
<item name="ADDRA11" rev="2">
<attrib name="value" value="16"/></item>
<item name="ADDRA12" rev="2">
<attrib name="value" value="16"/></item>
<item name="ADDRA13" rev="2">
<attrib name="value" value="16"/></item>
<item name="ADDRA2" rev="2">
<attrib name="value" value="16"/></item>
<item name="ADDRA3" rev="2">
<attrib name="value" value="16"/></item>
<item name="ADDRA4" rev="2">
<attrib name="value" value="16"/></item>
<item name="ADDRA5" rev="2">
<attrib name="value" value="16"/></item>
<item name="ADDRA6" rev="2">
<attrib name="value" value="16"/></item>
<item name="ADDRA7" rev="2">
<attrib name="value" value="16"/></item>
<item name="ADDRA8" rev="2">
<attrib name="value" value="16"/></item>
<item name="ADDRA9" rev="2">
<attrib name="value" value="16"/></item>
<item name="CLKA" rev="2">
<attrib name="value" value="16"/></item>
<item name="DIA" rev="2">
<attrib name="value" value="16"/></item>
<item name="DIA0" rev="2">
<attrib name="value" value="16"/></item>
<item name="DOA" rev="2">
<attrib name="value" value="16"/></item>
<item name="ENA" rev="2">
<attrib name="value" value="16"/></item>
<item name="SSRA" rev="2">
<attrib name="value" value="16"/></item>
<item name="WEA" rev="2">
<attrib name="value" value="16"/></item>
</group>
<group name="RAMB16_RAMB16B">
<item name="ADDRB" rev="2">
<attrib name="value" value="16"/></item>
<item name="ADDRB10" rev="2">
<attrib name="value" value="16"/></item>
<item name="ADDRB11" rev="2">
<attrib name="value" value="16"/></item>
<item name="ADDRB12" rev="2">
<attrib name="value" value="16"/></item>
<item name="ADDRB13" rev="2">
<attrib name="value" value="16"/></item>
<item name="ADDRB3" rev="2">
<attrib name="value" value="16"/></item>
<item name="ADDRB4" rev="2">
<attrib name="value" value="16"/></item>
<item name="ADDRB5" rev="2">
<attrib name="value" value="16"/></item>
<item name="ADDRB6" rev="2">
<attrib name="value" value="16"/></item>
<item name="ADDRB7" rev="2">
<attrib name="value" value="16"/></item>
<item name="ADDRB8" rev="2">
<attrib name="value" value="16"/></item>
<item name="ADDRB9" rev="2">
<attrib name="value" value="16"/></item>
<item name="CLKB" rev="2">
<attrib name="value" value="16"/></item>
<item name="DIB" rev="2">
<attrib name="value" value="16"/></item>
<item name="DOB" rev="2">
<attrib name="value" value="16"/></item>
<item name="DOB0" rev="2">
<attrib name="value" value="16"/></item>
<item name="DOB1" rev="2">
<attrib name="value" value="16"/></item>
<item name="DOB2" rev="2">
<attrib name="value" value="16"/></item>
<item name="DOB3" rev="2">
<attrib name="value" value="16"/></item>
<item name="DOB4" rev="2">
<attrib name="value" value="16"/></item>
<item name="DOB5" rev="2">
<attrib name="value" value="16"/></item>
<item name="DOB6" rev="2">
<attrib name="value" value="16"/></item>
<item name="DOB7" rev="2">
<attrib name="value" value="16"/></item>
<item name="ENB" rev="2">
<attrib name="value" value="16"/></item>
<item name="SSRB" rev="2">
<attrib name="value" value="16"/></item>
<item name="WEB" rev="2">
<attrib name="value" value="16"/></item>
</group>
<group name="IOB_PAD">
<item name="PAD" rev="2">
<attrib name="value" value="73"/></item>
</group>
<group name="IOB">
<item name="I" rev="2">
<attrib name="value" value="56"/></item>
<item name="O1" rev="2">
<attrib name="value" value="33"/></item>
<item name="PAD" rev="2">
<attrib name="value" value="73"/></item>
<item name="T1" rev="2">
<attrib name="value" value="16"/></item>
</group>
<group name="DCM_DCM">
<item name="CLK0" rev="2">
<attrib name="value" value="1"/></item>
<item name="CLKFB" rev="2">
<attrib name="value" value="1"/></item>
<item name="CLKIN" rev="2">
<attrib name="value" value="1"/></item>
<item name="PSCLK" rev="2">
<attrib name="value" value="1"/></item>
<item name="PSEN" rev="2">
<attrib name="value" value="1"/></item>
<item name="PSINCDEC" rev="2">
<attrib name="value" value="1"/></item>
<item name="RST" rev="2">
<attrib name="value" value="1"/></item>
</group>
<group name="BUFGMUX">
<item name="I0" rev="2">
<attrib name="value" value="2"/></item>
<item name="O" rev="2">
<attrib name="value" value="2"/></item>
<item name="S" rev="2">
<attrib name="value" value="2"/></item>
</group>
<group name="SLICEL_C2VDD">
<item name="1" rev="2">
<attrib name="value" value="45"/></item>
</group>
<group name="DCM">
<item name="CLK0" rev="2">
<attrib name="value" value="1"/></item>
<item name="CLKFB" rev="2">
<attrib name="value" value="1"/></item>
<item name="CLKIN" rev="2">
<attrib name="value" value="1"/></item>
<item name="PSCLK" rev="2">
<attrib name="value" value="1"/></item>
<item name="PSEN" rev="2">
<attrib name="value" value="1"/></item>
<item name="PSINCDEC" rev="2">
<attrib name="value" value="1"/></item>
<item name="RST" rev="2">
<attrib name="value" value="1"/></item>
</group>
<group name="BUFGMUX_GCLK_BUFFER">
<item name="IN" rev="2">
<attrib name="value" value="2"/></item>
<item name="OUT" rev="2">
<attrib name="value" value="2"/></item>
</group>
<group name="SLICEL_F">
<item name="A1" rev="2">
<attrib name="value" value="432"/></item>
<item name="A2" rev="2">
<attrib name="value" value="313"/></item>
<item name="A3" rev="2">
<attrib name="value" value="186"/></item>
<item name="A4" rev="2">
<attrib name="value" value="162"/></item>
<item name="D" rev="2">
<attrib name="value" value="435"/></item>
</group>
<group name="SLICEL_F5MUX">
<item name="F" rev="2">
<attrib name="value" value="17"/></item>
<item name="G" rev="2">
<attrib name="value" value="17"/></item>
<item name="OUT" rev="2">
<attrib name="value" value="17"/></item>
<item name="S0" rev="2">
<attrib name="value" value="17"/></item>
</group>
<group name="SLICEL_G">
<item name="A1" rev="2">
<attrib name="value" value="428"/></item>
<item name="A2" rev="2">
<attrib name="value" value="314"/></item>
<item name="A3" rev="2">
<attrib name="value" value="178"/></item>
<item name="A4" rev="2">
<attrib name="value" value="155"/></item>
<item name="D" rev="2">
<attrib name="value" value="432"/></item>
</group>
<group name="SLICEL_GNDF">
<item name="0" rev="2">
<attrib name="value" value="86"/></item>
</group>
<group name="SLICEL_GNDG">
<item name="0" rev="2">
<attrib name="value" value="83"/></item>
</group>
</ReportPinData>
<CmdHistory>
</CmdHistory>
</DeviceUsageSummary>
